year,unique,top10,eff
1980,2503.0,25.2,89.5
1981,2540.0,25.2,89.3
1982,2607.0,25.5,88.1
1983,2620.0,25.4,86.6
1984,2627.0,25.1,87.6
1985,2719.0,24.3,91.4
1986,2846.0,23.8,94.6
1987,2913.0,23.4,97.3
1988,3048.0,23.0,101.0
1989,3453.0,21.9,107.1
1990,3521.0,20.9,112.7
1991,3541.0,19.8,118.6
1992,3586.0,18.7,126.2
1993,3651.0,18.1,131.6
1994,3663.0,17.8,136.7
1995,3562.0,17.6,141.0
1996,3589.0,17.0,147.5
1997,3587.0,16.8,151.9
1998,3680.0,16.2,158.5
1999,3765.0,15.6,165.3
2000,3901.0,14.8,176.0
2001,3935.0,14.1,184.5
2002,3939.0,13.8,190.5
2003,4068.0,13.2,199.7
2004,4263.0,12.7,209.4
2005,4220.0,12.1,219.9
2006,4318.0,11.4,231.2
2007,4470.0,11.1,239.2
2008,4425.0,10.7,248.4
2009,4506.0,10.5,255.8
