name,pct80,pct00,total,swing
Ashton,66.9,11.9,57714.0,-55.0
Jaime,56.3,12.5,60589.0,-43.9
Angel,51.7,21.2,207397.0,-30.6
Devon,34.6,8.1,72972.0,-26.5
Rene,19.4,3.0,20719.0,-16.4
Tracy,90.0,75.8,42585.0,-14.3
Lee,14.4,1.9,36227.0,-12.4
Bailey,97.3,85.0,88142.0,-12.4
Robin,87.2,75.1,38600.0,-12.1
Christian,13.4,1.7,312776.0,-11.7
Devin,13.6,4.8,139375.0,-8.8
Adrian,10.5,1.8,142465.0,-8.7
Dominique,75.7,68.4,62374.0,-7.3
Kasey,79.1,71.8,32858.0,-7.3
Rylee,100.0,92.8,26976.0,-7.2
Cristian,7.2,0.3,48582.0,-6.9
Tristan,9.3,3.2,77731.0,-6.1
Jordyn,98.3,92.9,33428.0,-5.4
Colby,6.6,1.8,41032.0,-4.9
Terry,5.4,0.8,44792.0,-4.6
Corey,4.7,0.3,125180.0,-4.4
Raven,99.8,95.6,32559.0,-4.3
Shawn,3.3,0.2,134948.0,-3.1
Cory,3.2,0.2,89137.0,-2.9
Alexis,85.2,82.4,336573.0,-2.8
Jamie,84.1,81.4,185080.0,-2.6
Kameron,11.0,9.0,21470.0,-2.0
Demetrius,2.0,0.0,20525.0,-2.0
Cody,2.1,0.2,257704.0,-2.0
Carter,2.8,1.0,63593.0,-1.8
Shannon,91.0,89.3,149155.0,-1.7
Casey,43.7,42.0,139689.0,-1.7
Alexander,1.3,0.1,446870.0,-1.2
Kyle,1.3,0.1,401103.0,-1.2
Giovanni,1.2,0.1,37757.0,-1.1
Jesus,1.2,0.2,137832.0,-1.0
Bobby,1.0,0.0,38503.0,-1.0
Alejandro,1.1,0.1,93152.0,-1.0
Brett,1.1,0.1,91778.0,-0.9
Stacy,97.3,96.4,50900.0,-0.9
Willie,0.8,0.0,30931.0,-0.8
Julian,1.2,0.4,101057.0,-0.8
Brooklyn,100.0,99.2,45588.0,-0.8
Sasha,99.0,98.3,25831.0,-0.7
Dominic,0.7,0.1,85773.0,-0.7
Brandon,0.7,0.1,636436.0,-0.6
Juan,0.7,0.1,198330.0,-0.6
Austin,1.1,0.5,335917.0,-0.6
Michael,0.7,0.1,1382856.0,-0.6
Francisco,0.6,0.0,74702.0,-0.6
Salvador,0.6,0.1,21927.0,-0.6
Luis,0.6,0.1,176325.0,-0.6
Sergio,0.6,0.0,51966.0,-0.6
Carlos,0.6,0.1,159742.0,-0.5
Cooper,1.1,0.6,38897.0,-0.5
Jose,0.7,0.1,322040.0,-0.5
Gabriel,1.8,1.2,210727.0,-0.5
James,0.6,0.1,766789.0,-0.5
Aaron,0.6,0.1,354774.0,-0.5
Andre,0.5,0.0,59934.0,-0.5
Miguel,0.6,0.1,112195.0,-0.5
Rafael,0.5,0.0,40775.0,-0.5
Joe,0.5,0.0,35756.0,-0.5
Jorge,0.5,0.0,87034.0,-0.5
Mario,0.5,0.0,73030.0,-0.5
Robert,0.5,0.0,635492.0,-0.5
Jesse,2.9,2.4,209290.0,-0.5
Anthony,0.6,0.1,621518.0,-0.5
Ruben,0.5,0.0,46143.0,-0.5
Christopher,0.6,0.1,1122213.0,-0.5
Justin,0.5,0.0,634655.0,-0.5
Daniel,0.6,0.1,824208.0,-0.5
David,0.5,0.1,819479.0,-0.5
Julio,0.5,0.0,35026.0,-0.5
John,0.5,0.0,723803.0,-0.5
Manuel,0.5,0.0,66882.0,-0.4
Joshua,0.5,0.1,960170.0,-0.4
Antonio,0.4,0.0,134223.0,-0.4
Joseph,0.5,0.1,756505.0,-0.4
Jason,0.5,0.1,473703.0,-0.4
William,0.5,0.1,661667.0,-0.4
Raul,0.4,0.0,39182.0,-0.4
Randall,0.4,0.0,32939.0,-0.4
Brandy,99.7,99.3,63235.0,-0.4
Victor,0.4,0.0,113725.0,-0.4
Eric,0.4,0.0,409930.0,-0.4
Hector,0.4,0.0,54663.0,-0.4
Gerardo,0.4,0.0,33317.0,-0.4
Eduardo,0.4,0.0,69373.0,-0.4
Evan,0.9,0.5,185255.0,-0.4
Matthew,0.4,0.1,1034494.0,-0.4
Shaun,0.4,0.0,39500.0,-0.4
Jonathan,0.5,0.1,573612.0,-0.4
Andrew,0.4,0.1,761824.0,-0.4
Shane,0.5,0.2,110223.0,-0.4
Richard,0.4,0.0,298823.0,-0.3
Andres,0.4,0.0,53673.0,-0.3
Armando,0.3,0.0,36202.0,-0.3
Edgar,0.3,0.0,55593.0,-0.3
Martin,0.3,0.0,66798.0,-0.3
Kevin,0.4,0.1,465924.0,-0.3
Arturo,0.3,0.0,26833.0,-0.3
Charles,0.4,0.1,300148.0,-0.3
Fernando,0.4,0.1,57007.0,-0.3
Javier,0.3,0.0,60492.0,-0.3
Nicholas,0.4,0.1,677282.0,-0.3
Thomas,0.3,0.0,427030.0,-0.3
Saul,0.3,0.0,20801.0,-0.3
Timothy,0.3,0.0,333587.0,-0.3
Roberto,0.3,0.0,55131.0,-0.3
Brian,0.3,0.1,423924.0,-0.3
Kenneth,0.3,0.0,181667.0,-0.3
Ricardo,0.3,0.0,79077.0,-0.3
Randy,0.3,0.0,56284.0,-0.3
Marcus,0.3,0.0,133930.0,-0.3
Mark,0.3,0.0,242723.0,-0.3
Josue,0.3,0.0,32754.0,-0.3
Jeremy,0.3,0.0,269097.0,-0.3
Sean,0.3,0.1,260513.0,-0.3
Joel,0.3,0.0,110963.0,-0.3
Cesar,0.3,0.0,49806.0,-0.3
Fabian,0.3,0.0,23245.0,-0.3
Jerry,0.3,0.1,52383.0,-0.2
Steven,0.3,0.1,353013.0,-0.2
Gustavo,0.2,0.0,23867.0,-0.2
Paul,0.3,0.0,194384.0,-0.2
Gregory,0.2,0.0,165817.0,-0.2
Xavier,0.3,0.0,83191.0,-0.2
Jeffrey,0.3,0.0,237931.0,-0.2
Dustin,0.3,0.1,170745.0,-0.2
Billy,0.3,0.1,36428.0,-0.2
Micheal,0.3,0.1,38261.0,-0.2
Deandre,0.2,0.0,21107.0,-0.2
Enrique,0.2,0.0,31237.0,-0.2
Pedro,0.2,0.0,43002.0,-0.2
Ronnie,1.2,1.0,22252.0,-0.2
Santiago,0.2,0.0,20488.0,-0.2
Alfredo,0.2,0.0,25719.0,-0.2
Stephen,0.2,0.0,217816.0,-0.2
Oscar,0.3,0.1,76317.0,-0.2
Ivan,0.2,0.0,61709.0,-0.2
Frank,0.2,0.0,71569.0,-0.2
Patrick,0.2,0.0,249304.0,-0.2
Jermaine,0.2,0.0,23526.0,-0.2
Edward,0.2,0.0,136691.0,-0.2
Peter,0.2,0.0,125114.0,-0.2
Adam,0.2,0.0,373386.0,-0.2
Travis,0.2,0.1,196996.0,-0.2
Benjamin,0.2,0.0,412791.0,-0.2
Wesley,0.3,0.1,80288.0,-0.2
Ann,100.0,99.8,27254.0,-0.2
Johnny,0.2,0.0,55667.0,-0.2
Roman,0.1,0.0,24314.0,-0.1
Scott,0.1,0.0,173419.0,-0.1
Tori,100.0,99.9,25736.0,-0.1
Toni,99.8,99.7,22806.0,-0.1
Omar,0.1,0.0,64955.0,-0.1
Nathan,0.2,0.0,348290.0,-0.1
Brady,0.4,0.2,57484.0,-0.1
Raymond,0.1,0.0,93344.0,-0.1
Ramon,0.1,0.0,28022.0,-0.1
Vincent,0.1,0.0,103760.0,-0.1
Henry,0.1,0.0,88291.0,-0.1
Erik,0.1,0.0,92106.0,-0.1
Edwin,0.1,0.0,52742.0,-0.1
Tony,0.2,0.1,49927.0,-0.1
Zachary,0.2,0.0,462116.0,-0.1
Summer,100.0,99.9,52649.0,-0.1
Larry,0.1,0.0,55688.0,-0.1
Jacob,0.2,0.1,696836.0,-0.1
Jimmy,0.1,0.0,43401.0,-0.1
Phillip,0.1,0.0,86799.0,-0.1
Ronald,0.1,0.0,86632.0,-0.1
George,0.1,0.0,108802.0,-0.1
Jay,0.1,0.0,33988.0,-0.1
Kirsten,100.0,99.9,34188.0,-0.1
Ernesto,0.1,0.0,21356.0,-0.1
Danny,0.2,0.1,43798.0,-0.1
Marvin,0.1,0.0,28666.0,-0.1
Mitchell,0.1,0.0,83152.0,-0.1
Derrick,0.1,0.0,73358.0,-0.1
Keith,0.1,0.0,93236.0,-0.1
Hanna,100.0,99.9,28516.0,-0.1
Carl,0.1,0.0,46781.0,-0.1
Alberto,0.1,0.0,32893.0,-0.1
Garrett,0.1,0.0,101919.0,-0.1
Samuel,0.1,0.0,337542.0,-0.1
Gary,0.1,0.0,67791.0,-0.1
Roy,0.1,0.0,27508.0,-0.1
Kaylee,100.0,99.9,84634.0,-0.1
Delaney,100.0,99.9,24147.0,-0.1
Donald,0.1,0.0,89284.0,-0.1
Chad,0.1,0.0,104353.0,-0.1
Hayley,100.0,99.9,41238.0,-0.1
Ian,0.1,0.0,153722.0,-0.1
Gerald,0.1,0.0,29565.0,-0.1
Shayla,100.0,99.9,23702.0,-0.1
Mallory,100.0,99.9,45333.0,-0.1
Kylie,100.0,99.9,74065.0,-0.1
Savanna,100.0,99.9,23241.0,-0.1
Autumn,100.0,99.9,80227.0,-0.1
Kylee,100.0,99.9,31854.0,-0.1
Philip,0.1,0.0,65915.0,-0.1
Maggie,100.0,99.9,34803.0,-0.1
Jada,100.0,99.9,49339.0,-0.1
Derek,0.1,0.0,150603.0,-0.1
Tommy,0.1,0.0,25370.0,-0.1
Gracie,100.0,99.9,29867.0,-0.1
Louis,0.1,0.0,41191.0,-0.1
Makenzie,100.0,99.9,24417.0,-0.1
Callie,100.0,99.9,24487.0,-0.1
Breanna,100.0,99.9,74921.0,-0.1
Emmanuel,0.1,0.0,46724.0,-0.1
Abby,100.0,99.9,42444.0,-0.1
Bryan,0.2,0.1,202263.0,-0.1
Caitlyn,100.0,99.9,45658.0,-0.1
Steve,0.0,0.0,21845.0,-0.0
Selena,100.0,100.0,29709.0,-0.0
Daniela,100.0,100.0,42010.0,-0.0
Savannah,100.0,100.0,117830.0,-0.0
Landon,0.1,0.1,79055.0,-0.0
Alisha,100.0,99.9,41680.0,-0.0
Tessa,100.0,100.0,30885.0,-0.0
Kayleigh,100.0,100.0,20274.0,-0.0
Hope,100.0,100.0,40018.0,-0.0
Holly,100.0,99.9,88007.0,-0.0
Eddie,0.0,0.0,27929.0,-0.0
Lillian,100.0,100.0,65296.0,-0.0
Aliyah,100.0,100.0,20060.0,-0.0
Todd,0.0,0.0,45377.0,-0.0
Ross,0.0,0.0,28880.0,-0.0
Zoey,100.0,100.0,23338.0,-0.0
Kaitlyn,100.0,100.0,144979.0,-0.0
Jeffery,0.0,0.0,50100.0,-0.0
Makayla,100.0,100.0,75097.0,-0.0
Amelia,100.0,100.0,56091.0,-0.0
Serenity,100.0,100.0,20742.0,-0.0
Layla,100.0,100.0,28219.0,-0.0
Ricky,0.1,0.1,41084.0,-0.0
Jayla,100.0,100.0,23669.0,-0.0
Bradley,0.1,0.0,140943.0,-0.0
Alana,100.0,100.0,33230.0,-0.0
Audrey,100.0,100.0,75332.0,-0.0
Andy,0.1,0.1,37664.0,-0.0
Ashlee,100.0,99.9,39967.0,-0.0
Hailey,100.0,100.0,115299.0,-0.0
Isabella,100.0,100.0,168313.0,-0.0
Maurice,0.0,0.0,31976.0,-0.0
Ava,100.0,100.0,109092.0,-0.0
Jenna,100.0,100.0,127593.0,-0.0
Calvin,0.0,0.0,48231.0,-0.0
Mckenna,100.0,100.0,24465.0,-0.0
Faith,100.0,100.0,74416.0,-0.0
Lawrence,0.0,0.0,39667.0,-0.0
Carly,100.0,100.0,51404.0,-0.0
Arthur,0.0,0.0,36156.0,-0.0
Alexa,100.0,100.0,82579.0,-0.0
Valerie,100.0,100.0,78138.0,-0.0
Haley,99.9,99.9,140779.0,-0.0
Alexia,100.0,100.0,31250.0,-0.0
Madelyn,100.0,100.0,41665.0,-0.0
Trevor,0.1,0.0,126634.0,-0.0
Albert,0.0,0.0,40669.0,-0.0
Destiny,100.0,100.0,124054.0,-0.0
Ashlyn,100.0,100.0,33781.0,-0.0
Renee,99.4,99.4,40712.0,-0.0
Alondra,100.0,100.0,28599.0,-0.0
Ella,100.0,100.0,71812.0,-0.0
Kristopher,0.0,0.0,41083.0,-0.0
Natasha,100.0,99.9,69426.0,-0.0
Lily,100.0,100.0,67730.0,-0.0
Isabelle,100.0,100.0,40075.0,-0.0
Colin,0.1,0.0,84842.0,-0.0
Marco,0.1,0.0,45162.0,-0.0
Kara,100.0,99.9,64181.0,-0.0
Mariah,100.0,100.0,83227.0,-0.0
Russell,0.0,0.0,47640.0,-0.0
Aaliyah,100.0,100.0,43888.0,-0.0
Lacey,99.9,99.9,41513.0,-0.0
Brent,0.0,0.0,53637.0,-0.0
Katelyn,100.0,100.0,115130.0,-0.0
Craig,0.0,0.0,59131.0,-0.0
Angelina,100.0,100.0,60279.0,-0.0
Sofia,100.0,100.0,52798.0,-0.0
Katie,100.0,100.0,152569.0,-0.0
Abigail,100.0,99.9,244224.0,-0.0
Troy,0.0,0.0,61832.0,-0.0
Jack,0.0,0.0,148644.0,-0.0
Jared,0.0,0.0,162057.0,-0.0
Kathryn,100.0,100.0,135813.0,-0.0
Seth,0.0,0.0,121453.0,-0.0
Kayla,100.0,100.0,305402.0,-0.0
Meredith,99.9,99.9,40192.0,-0.0
Pamela,100.0,100.0,38524.0,0.0
Pablo,0.0,0.0,22492.0,0.0
Quentin,0.0,0.0,21922.0,0.0
Simon,0.0,0.0,25280.0,0.0
Terrance,0.0,0.0,26686.0,0.0
Tasha,100.0,100.0,21644.0,0.0
Terrence,0.0,0.0,21623.0,0.0
Tabitha,100.0,100.0,39404.0,0.0
Marcos,0.0,0.0,31234.0,0.0
Naomi,100.0,100.0,46808.0,0.0
Nicolas,0.0,0.0,59093.0,0.0
Natalia,100.0,100.0,36125.0,0.0
Deborah,100.0,100.0,25576.0,0.0
Deanna,100.0,100.0,40555.0,0.0
Jamal,0.0,0.0,22344.0,0.0
Jakob,0.0,0.0,23095.0,0.0
Mya,100.0,100.0,32527.0,0.0
Neil,0.0,0.0,21463.0,0.0
Nichole,100.0,100.0,41286.0,0.0
Brendan,0.0,0.0,68433.0,0.0
Heidi,100.0,100.0,46718.0,0.0
Esther,100.0,100.0,28346.0,0.0
Roger,0.0,0.0,34210.0,0.0
Sadie,100.0,100.0,32078.0,0.0
Darrell,0.0,0.0,23827.0,0.0
Dante,0.0,0.0,25846.0,0.0
Brock,0.0,0.0,27021.0,0.0
Desiree,100.0,100.0,57615.0,0.0
Dawn,100.0,100.0,27035.0,0.0
Dean,0.0,0.0,23000.0,0.0
Darren,0.0,0.0,36482.0,0.0
Dominick,0.0,0.0,27264.0,0.0
Carissa,100.0,100.0,20962.0,0.0
Miranda,100.0,100.0,88418.0,0.0
Bruce,0.0,0.0,26898.0,0.0
Bryant,0.0,0.0,27211.0,0.0
Byron,0.0,0.0,21063.0,0.0
Miles,0.0,0.0,32443.0,0.0
Rose,100.0,100.0,26923.0,0.0
Rodney,0.0,0.0,35616.0,0.0
Malik,0.0,0.0,33325.0,0.0
Mariana,100.0,100.0,23134.0,0.0
Johnathan,0.0,0.0,70712.0,0.0
Jill,100.0,100.0,29414.0,0.0
Nickolas,0.0,0.0,26219.0,0.0
Jerome,0.0,0.0,22623.0,0.0
Jacquelyn,100.0,100.0,27384.0,0.0
Jon,0.0,0.0,33609.0,0.0
Serena,100.0,100.0,23074.0,0.0
Shawna,100.0,100.0,21028.0,0.0
Frederick,0.0,0.0,26519.0,0.0
Branden,0.0,0.0,22303.0,0.0
Bethany,100.0,100.0,72208.0,0.0
Rebekah,100.0,100.0,52306.0,0.0
Reginald,0.0,0.0,27574.0,0.0
Stefanie,100.0,100.0,21757.0,0.0
Gina,100.0,100.0,43657.0,0.0
Brenna,100.0,100.0,21334.0,0.0
Theodore,0.0,0.0,31702.0,0.0
Donovan,0.0,0.0,35356.0,0.0
Gianna,100.0,100.0,34204.0,0.0
Tanya,100.0,100.0,32918.0,0.0
Drake,0.0,0.0,21102.0,0.0
Vivian,100.0,100.0,26581.0,0.0
Aimee,100.0,100.0,24145.0,0.0
Wayne,0.0,0.0,24934.0,0.0
Walter,0.0,0.0,36977.0,0.0
Alaina,100.0,100.0,22199.0,0.0
Elias,0.0,0.0,31819.0,0.0
Ellie,100.0,100.0,20191.0,0.0
Donna,100.0,100.0,20737.0,0.0
Zane,0.0,0.0,25036.0,0.0
Angelo,0.0,0.0,24768.0,0.0
Alec,0.0,0.0,41710.0,0.0
Allyson,100.0,100.0,32639.0,0.0
Allen,0.0,0.0,50909.0,0.0
Trey,0.0,0.0,29126.0,0.0
Trent,0.0,0.0,30836.0,0.0
Tonya,100.0,100.0,21358.0,0.0
Tina,100.0,100.0,35368.0,0.0
Adrianna,100.0,100.0,31113.0,0.0
Anastasia,100.0,100.0,23133.0,0.0
Arianna,100.0,100.0,50758.0,0.0
Annie,100.0,100.0,24787.0,0.0
Zachery,0.0,0.0,25705.0,0.0
Tyson,0.0,0.0,24620.0,0.0
Kellie,100.0,100.0,20577.0,0.0
Tyrone,0.0,0.0,22899.0,0.0
Abraham,0.0,0.0,40338.0,0.0
Zackary,0.0,0.0,24831.0,0.0
Josephine,100.0,100.0,24511.0,0.0
Max,0.0,0.0,53725.0,0.0
Meagan,100.0,100.0,37505.0,0.0
Mathew,0.0,0.0,45542.0,0.0
Orlando,0.0,0.0,21019.0,0.0
Oliver,0.0,0.0,30534.0,0.0
Christy,100.0,100.0,27315.0,0.0
Chelsey,100.0,100.0,28704.0,0.0
Cassie,100.0,100.0,29099.0,0.0
Lance,0.0,0.0,41667.0,0.0
Kassandra,100.0,100.0,26027.0,0.0
Katelynn,100.0,100.0,24391.0,0.0
Melinda,100.0,100.0,31613.0,0.0
Melvin,0.0,0.0,21653.0,0.0
Kristy,100.0,100.0,29196.0,0.0
Julianna,100.0,100.0,24947.0,0.0
Kristi,100.0,100.0,23282.0,0.0
Lori,100.0,100.0,27423.0,0.0
Kaitlin,100.0,100.0,54323.0,0.0
Kyra,100.0,100.0,25826.0,0.0
Kari,100.0,100.0,24642.0,0.0
Leo,0.0,0.0,20101.0,0.0
Clara,100.0,100.0,21519.0,0.0
Marisa,100.0,100.0,32713.0,0.0
Marina,100.0,100.0,20572.0,0.0
Lorenzo,0.0,0.0,25465.0,0.0
Leonardo,0.0,0.0,28920.0,0.0
Marshall,0.0,0.0,22729.0,0.0
Celeste,100.0,100.0,24540.0,0.0
Carrie,100.0,100.0,48968.0,0.0
Kyla,100.0,100.0,27543.0,0.0
Kristine,100.0,100.0,20965.0,0.0
Curtis,0.0,0.0,58316.0,0.0
Valeria,100.0,100.0,34709.0,0.0
Krista,100.0,100.0,42361.0,0.0
Kira,100.0,100.0,23996.0,0.0
Kate,100.0,100.0,42948.0,0.0
Marc,0.0,0.0,42850.0,0.0
Damian,0.0,0.0,43586.0,0.0
Damon,0.0,0.0,23814.0,0.0
Mikayla,100.0,100.0,42601.0,0.0
Melody,100.0,100.0,27921.0,0.0
Clinton,0.0,0.0,27108.0,0.0
Clarissa,100.0,100.0,23544.0,0.0
Michaela,100.0,100.0,40121.0,0.0
Lydia,100.0,100.0,53826.0,0.0
Nathaniel,0.0,0.0,155450.0,0.0
Alan,0.0,0.0,80117.0,0.0
Spencer,0.6,0.6,81516.0,0.0
Melanie,100.0,100.0,100218.0,0.0
Grace,99.9,100.0,162042.0,0.0
Chelsea,99.9,100.0,145698.0,0.0
Wyatt,0.0,0.0,71352.0,0.0
Sierra,99.9,100.0,86607.0,0.0
Owen,0.0,0.0,74764.0,0.0
Cassandra,100.0,100.0,115173.0,0.0
Josiah,0.0,0.0,47771.0,0.0
Susan,100.0,100.0,45900.0,0.0
Alexandria,99.9,100.0,81205.0,0.0
Brody,0.0,0.0,31916.0,0.0
Brianna,99.9,100.0,215837.0,0.0
Leah,100.0,100.0,115469.0,0.0
Emily,99.9,99.9,592953.0,0.0
Erick,0.1,0.1,45411.0,0.0
Jaclyn,100.0,100.0,37469.0,0.0
Latoya,100.0,100.0,32767.0,0.0
Malachi,0.0,0.0,23914.0,0.0
Liam,0.0,0.0,57497.0,0.0
Grant,0.0,0.0,67978.0,0.0
Gage,0.0,0.0,40561.0,0.0
Colleen,100.0,100.0,35277.0,0.0
Cole,0.0,0.0,99062.0,0.0
Tara,100.0,100.0,87870.0,0.0
Rachael,100.0,100.0,58917.0,0.0
Jonathon,0.0,0.1,50018.0,0.0
Tamara,100.0,100.0,36238.0,0.0
Kelli,100.0,100.0,32977.0,0.0
Collin,0.0,0.0,57096.0,0.0
Colton,0.0,0.0,68066.0,0.0
Ty,0.0,0.0,29205.0,0.0
Luke,0.0,0.0,161885.0,0.0
Maxwell,0.0,0.0,56040.0,0.0
Jake,0.0,0.0,83890.0,0.0
Candice,100.0,100.0,41298.0,0.0
Nolan,0.0,0.0,42080.0,0.0
Hannah,99.9,99.9,347175.0,0.0
Jace,0.0,0.0,21407.0,0.0
Kaleb,0.0,0.0,51471.0,0.0
Isaac,0.0,0.0,149190.0,0.0
Krystal,100.0,100.0,62761.0,0.0
Damien,0.0,0.0,35023.0,0.0
Alyssa,99.9,100.0,262569.0,0.0
Regina,100.0,100.0,24982.0,0.0
Harrison,0.0,0.0,34102.0,0.0
Allison,99.9,100.0,196767.0,0.0
Candace,100.0,100.0,38739.0,0.0
Meghan,100.0,100.0,81495.0,0.0
Felicia,100.0,100.0,39861.0,0.0
Brandi,100.0,100.0,69312.0,0.0
Diego,0.0,0.0,72536.0,0.0
Theresa,100.0,100.0,36613.0,0.0
Virginia,100.0,100.0,30665.0,0.0
Gabrielle,99.9,99.9,108014.0,0.0
Brooke,99.9,100.0,150262.0,0.0
Caleb,0.0,0.0,196846.0,0.0
Eli,0.1,0.1,41074.0,0.0
Darius,0.0,0.0,38449.0,0.0
Bridget,100.0,100.0,40852.0,0.0
Molly,99.9,99.9,95607.0,0.0
April,100.0,100.0,112738.0,0.0
Carla,100.0,100.0,27934.0,0.0
Bryson,0.0,0.0,25998.0,0.0
Gavin,0.0,0.0,110589.0,0.0
Kendra,99.9,99.9,62394.0,0.0
Natalie,99.9,100.0,212904.0,0.0
Emanuel,0.0,0.0,22129.0,0.0
Sabrina,100.0,100.0,85262.0,0.0
Kristina,100.0,100.0,82341.0,0.0
Cara,100.0,100.0,28291.0,0.0
Margaret,99.9,100.0,85321.0,0.0
Sara,99.9,99.9,220902.0,0.0
Lucas,0.0,0.0,135136.0,0.0
Jeremiah,0.0,0.0,107412.0,0.0
Amber,99.9,100.0,305818.0,0.0
Douglas,0.0,0.1,71961.0,0.0
Catherine,99.9,100.0,112761.0,0.1
Isaiah,0.0,0.1,135492.0,0.1
Kathleen,99.9,100.0,73899.0,0.1
Jonah,0.0,0.1,35753.0,0.1
Marissa,99.9,100.0,104147.0,0.1
Katrina,99.9,100.0,56310.0,0.1
Sebastian,0.0,0.1,70417.0,0.1
Anne,99.9,100.0,43760.0,0.1
Jillian,99.9,100.0,67624.0,0.1
Janelle,99.9,100.0,26800.0,0.1
Barbara,99.9,100.0,31627.0,0.1
Emma,99.9,99.9,249524.0,0.1
Jackson,0.0,0.1,120567.0,0.1
Carolyn,99.9,100.0,37529.0,0.1
Preston,0.0,0.1,57154.0,0.1
Nina,99.9,100.0,37154.0,0.1
Ellen,99.9,100.0,26215.0,0.1
Tia,99.9,100.0,22631.0,0.1
Olivia,99.9,100.0,245775.0,0.1
Anna,99.9,100.0,226050.0,0.1
Priscilla,99.9,100.0,39064.0,0.1
Alissa,99.9,100.0,27600.0,0.1
Ethan,0.0,0.1,278961.0,0.1
Clayton,0.0,0.1,56913.0,0.1
Misty,99.9,100.0,34869.0,0.1
Megan,99.9,100.0,380879.0,0.1
Elise,99.9,100.0,31116.0,0.1
Jane,99.9,100.0,20144.0,0.1
Braden,0.0,0.1,33815.0,0.1
Charlotte,99.9,100.0,41661.0,0.1
Samantha,99.9,100.0,479634.0,0.1
Connor,0.0,0.1,146667.0,0.1
Trenton,0.0,0.1,40892.0,0.1
Teresa,99.9,100.0,41382.0,0.1
Adrienne,99.9,100.0,26702.0,0.1
Heather,99.9,100.0,277347.0,0.1
Alison,99.9,100.0,59694.0,0.1
Caitlin,99.9,100.0,104659.0,0.1
Rebecca,99.9,100.0,289693.0,0.1
Kimberly,99.9,100.0,272946.0,0.1
Griffin,0.0,0.1,22790.0,0.1
Cierra,99.9,99.9,25201.0,0.1
Levi,0.0,0.1,61945.0,0.1
Jenny,99.9,100.0,35795.0,0.1
Sophia,99.9,100.0,153968.0,0.1
Monique,99.9,100.0,45310.0,0.1
Amy,99.9,100.0,230563.0,0.1
Marie,99.9,100.0,31613.0,0.1
Cecilia,99.9,100.0,27992.0,0.1
Dalton,0.0,0.1,63020.0,0.1
Paula,99.9,100.0,20448.0,0.1
Julie,99.9,100.0,99293.0,0.1
Briana,99.9,100.0,81919.0,0.1
Alicia,99.9,100.0,133506.0,0.1
Elisabeth,99.9,100.0,21172.0,0.1
Victoria,99.9,100.0,255750.0,0.1
Ruth,99.9,100.0,27982.0,0.1
Angela,99.9,100.0,193046.0,0.1
Katherine,99.9,100.0,261534.0,0.1
Claire,99.9,100.0,74718.0,0.1
Ashleigh,99.9,100.0,28712.0,0.1
Chloe,99.8,99.9,125376.0,0.1
Elijah,0.0,0.1,152289.0,0.1
Miriam,99.9,100.0,27974.0,0.1
Helen,99.9,100.0,24651.0,0.1
Conner,0.0,0.1,37690.0,0.1
Alice,99.9,100.0,20940.0,0.1
Lisa,99.9,100.0,136692.0,0.1
Lucy,99.9,100.0,29191.0,0.1
Nadia,99.9,100.0,27285.0,0.1
Nora,99.9,100.0,20847.0,0.1
Elena,99.9,100.0,30456.0,0.1
Camille,99.9,100.0,28380.0,0.1
Tiffany,99.8,100.0,256445.0,0.1
Rachel,99.8,100.0,364306.0,0.1
Ciara,99.9,100.0,28669.0,0.1
Dillon,0.0,0.1,54275.0,0.1
Brittney,99.9,100.0,78999.0,0.1
Jocelyn,99.9,100.0,67499.0,0.1
Paige,99.8,100.0,106268.0,0.1
Eva,99.9,100.0,36327.0,0.1
Amanda,99.8,100.0,607962.0,0.1
Caroline,99.8,100.0,96201.0,0.1
Tatiana,99.9,100.0,26622.0,0.1
Erica,99.8,100.0,167806.0,0.1
Britney,99.9,100.0,31245.0,0.1
Christine,99.9,100.0,107916.0,0.1
Wendy,99.9,100.0,42225.0,0.1
Dawson,0.0,0.1,22036.0,0.1
Noah,0.0,0.2,211995.0,0.2
Brittany,99.8,99.9,349391.0,0.2
Karen,99.8,100.0,79769.0,0.2
Logan,5.5,5.7,228253.0,0.2
Laura,99.8,100.0,226985.0,0.2
Mary,99.8,100.0,217670.0,0.2
Kristen,99.7,99.9,148862.0,0.2
Sarah,99.8,100.0,621867.0,0.2
Carolina,99.8,100.0,24380.0,0.2
Crystal,99.8,100.0,211007.0,0.2
Madeline,99.8,100.0,90157.0,0.2
Nicole,99.8,100.0,401540.0,0.2
Kristin,99.8,100.0,104185.0,0.2
Juliana,99.8,100.0,30525.0,0.2
Jennifer,99.7,99.9,653674.0,0.2
Jacqueline,99.8,100.0,129543.0,0.2
Dennis,0.1,0.3,58529.0,0.2
Mia,99.8,100.0,103111.0,0.2
Raquel,99.8,100.0,26539.0,0.2
Joanna,99.8,100.0,50885.0,0.2
Linda,99.8,100.0,42110.0,0.2
Michelle,99.7,99.9,284461.0,0.2
Bianca,99.8,100.0,59217.0,0.2
Stephanie,99.8,100.0,418584.0,0.2
Joy,99.8,100.0,22856.0,0.2
Ebony,99.8,100.0,30327.0,0.2
Asia,99.8,100.0,26547.0,0.2
Elizabeth,99.7,99.9,505734.0,0.2
Melissa,99.8,100.0,340918.0,0.2
Lauren,99.7,99.9,396458.0,0.2
Sonia,99.8,100.0,20367.0,0.2
Danielle,99.7,100.0,279934.0,0.2
Erin,98.6,98.9,217574.0,0.3
Israel,0.0,0.3,31616.0,0.3
Jessica,99.7,100.0,865046.0,0.3
Denise,99.7,100.0,47179.0,0.3
Brayden,0.0,0.3,55421.0,0.3
Julia,99.7,100.0,164226.0,0.3
Lindsay,99.7,100.0,112019.0,0.3
Stacey,98.2,98.5,43943.0,0.3
Monica,99.7,100.0,105323.0,0.3
Giselle,99.7,100.0,26884.0,0.3
Christina,99.7,100.0,248229.0,0.3
Maya,99.7,100.0,56199.0,0.3
Alexandra,99.7,100.0,190837.0,0.3
Erika,99.6,100.0,88492.0,0.3
Patricia,99.7,100.0,78269.0,0.3
Cynthia,99.7,100.0,87870.0,0.3
Sharon,99.7,100.0,29039.0,0.3
Ariana,99.6,100.0,60732.0,0.3
Chance,0.1,0.5,31724.0,0.3
Karla,99.7,100.0,37524.0,0.3
Mercedes,99.6,100.0,27236.0,0.4
Esmeralda,99.6,100.0,29693.0,0.4
Ruby,99.6,100.0,37885.0,0.4
Gloria,99.6,100.0,26563.0,0.4
Gabriella,99.6,100.0,69266.0,0.4
Cristina,99.6,100.0,34036.0,0.4
Tiara,99.6,100.0,20410.0,0.4
Vanessa,99.6,100.0,167053.0,0.4
Blake,1.1,1.6,123565.0,0.4
Martha,99.6,100.0,27955.0,0.4
Veronica,99.6,100.0,85996.0,0.4
Diana,99.5,100.0,100034.0,0.5
Angelica,99.5,100.0,68554.0,0.5
Zoe,99.5,100.0,66738.0,0.5
Jazmine,99.5,100.0,28011.0,0.5
Janet,99.5,100.0,27642.0,0.5
Sophie,99.5,100.0,37461.0,0.5
Andrea,99.2,99.7,213697.0,0.5
Francis,9.2,9.7,21776.0,0.5
Sandra,99.5,100.0,57174.0,0.5
Jazmin,99.5,100.0,32592.0,0.5
Nancy,99.5,100.0,55443.0,0.5
Alex,1.8,2.3,178384.0,0.6
Cindy,99.4,100.0,40145.0,0.6
Brennan,1.0,1.6,22040.0,0.6
Evelyn,99.4,100.0,66100.0,0.6
Lindsey,99.3,99.9,142978.0,0.6
Karina,99.3,100.0,47059.0,0.7
Jasmine,99.3,99.9,214546.0,0.7
Ana,99.3,100.0,61590.0,0.7
Kaden,0.0,0.8,37432.0,0.8
Tanner,0.0,0.8,74853.0,0.8
Brenda,99.2,100.0,63105.0,0.8
Rosa,99.2,100.0,28944.0,0.8
Adriana,99.2,100.0,61683.0,0.8
Gabriela,99.2,100.0,59714.0,0.8
Mason,0.0,0.8,129556.0,0.8
Jasmin,99.0,100.0,37297.0,0.9
Daisy,99.1,100.0,51020.0,0.9
Tyler,1.4,2.3,527366.0,0.9
Maria,99.0,99.9,194446.0,0.9
Michele,99.1,100.0,24072.0,0.9
Claudia,99.0,100.0,40775.0,1.0
Bryce,0.3,1.3,77602.0,1.0
Ryan,2.0,3.1,708058.0,1.1
Micah,9.5,10.6,58404.0,1.1
Keegan,3.4,4.6,22143.0,1.1
Yesenia,98.9,100.0,31512.0,1.1
Ashley,98.7,99.8,792865.0,1.1
Marisol,98.9,100.0,20073.0,1.1
Isabel,98.8,100.0,56394.0,1.2
Jessie,49.0,50.2,51716.0,1.2
Liliana,98.7,100.0,28788.0,1.3
Aidan,0.0,1.3,86291.0,1.3
Chase,0.2,1.6,115323.0,1.4
Mayra,98.6,100.0,26124.0,1.4
Dylan,0.5,2.6,280898.0,2.0
Alejandra,97.9,99.9,39480.0,2.1
Whitney,97.7,99.8,85044.0,2.1
Kelsey,97.4,99.5,137699.0,2.1
Carmen,95.7,97.9,36431.0,2.2
Hunter,0.5,3.1,169012.0,2.6
Sydney,96.9,99.5,137227.0,2.6
Kiara,97.3,100.0,39587.0,2.7
Justine,94.0,97.3,23543.0,3.3
Carson,0.6,4.5,59824.0,3.8
Jade,94.9,98.7,59065.0,3.9
Kelly,92.0,95.9,200887.0,3.9
Courtney,91.9,95.9,236149.0,3.9
Genesis,94.7,98.8,30806.0,4.0
Chandler,5.8,10.2,29811.0,4.4
Mckenzie,95.1,99.7,39493.0,4.6
Cameron,5.9,10.8,220927.0,5.0
Quinn,21.3,27.0,24455.0,5.7
Madison,93.8,99.7,290865.0,6.0
Grayson,0.9,7.4,20265.0,6.5
Leslie,92.0,98.6,101451.0,6.6
Dana,89.8,96.6,69373.0,6.8
Cheyenne,92.7,99.9,57733.0,7.2
Drew,1.6,8.9,54666.0,7.3
Dallas,7.6,15.0,28705.0,7.4
Diamond,90.9,99.6,29138.0,8.7
Parker,0.4,9.5,58170.0,9.1
Ariel,70.0,80.0,60756.0,10.0
Jordan,19.1,29.9,421327.0,10.8
Shelby,87.9,98.8,115020.0,10.9
Morgan,77.8,90.3,210531.0,12.6
Mackenzie,84.2,99.1,98754.0,14.9
Hayden,2.1,17.0,77946.0,14.9
Charlie,5.5,21.1,20503.0,15.6
Aubrey,80.6,96.4,50714.0,15.7
Cassidy,83.6,99.6,45426.0,16.0
Guadalupe,70.8,88.3,35878.0,17.5
Jaden,0.0,17.9,61477.0,17.9
Dakota,9.9,30.4,98051.0,20.5
Trinity,75.2,99.4,51302.0,24.3
Reagan,65.2,91.3,26658.0,26.1
Peyton,19.1,52.4,65509.0,33.3
Kendall,46.8,81.8,53500.0,35.0
Skyler,3.3,41.7,44185.0,38.4
Justice,5.4,45.1,20903.0,39.7
Taylor,40.9,85.2,378477.0,44.2
Riley,7.7,53.5,116855.0,45.7
Avery,15.6,72.6,75675.0,57.0
Payton,6.0,64.5,47648.0,58.5
Harley,1.5,62.5,25488.0,61.0
Skylar,15.2,78.7,43018.0,63.5
Reese,0.0,69.0,21816.0,69.0
Sidney,9.4,78.6,23459.0,69.2
Addison,4.5,93.8,61321.0,89.3
Kennedy,0.0,95.9,37675.0,95.9
