year,gender,name,births
1980,F,Jennifer,58379
1981,F,Jennifer,57046
1982,F,Jennifer,57113
1983,F,Jennifer,54339
1984,F,Jennifer,50562
1985,F,Jessica,48345
1986,F,Jessica,52668
1987,F,Jessica,55988
1988,F,Jessica,51537
1989,F,Jessica,47882
1990,F,Jessica,46473
1991,F,Ashley,43479
1992,F,Ashley,38453
1993,F,Jessica,34987
1994,F,Jessica,32118
1995,F,Jessica,27934
1996,F,Emily,25151
1997,F,Emily,25731
1998,F,Emily,26180
1999,F,Emily,26538
2000,F,Emily,25953
2001,F,Emily,25054
2002,F,Emily,24460
2003,F,Emily,25688
2004,F,Emily,25032
2005,F,Emily,23934
2006,F,Emily,21398
2007,F,Emily,19353
2008,F,Emma,18806
2009,F,Isabella,22289
1980,M,Michael,68680
1981,M,Michael,68765
1982,M,Michael,68228
1983,M,Michael,67993
1984,M,Michael,67732
1985,M,Michael,64899
1986,M,Michael,64202
1987,M,Michael,63642
1988,M,Michael,64123
1989,M,Michael,65381
1990,M,Michael,65276
1991,M,Michael,60783
1992,M,Michael,54387
1993,M,Michael,49552
1994,M,Michael,44467
1995,M,Michael,41403
1996,M,Michael,38364
1997,M,Michael,37548
1998,M,Michael,36614
1999,M,Jacob,35352
2000,M,Jacob,34470
2001,M,Jacob,32536
2002,M,Jacob,30563
2003,M,Jacob,29626
2004,M,Jacob,27876
2005,M,Jacob,25826
2006,M,Jacob,24835
2007,M,Jacob,24265
2008,M,Jacob,22587
2009,M,Jacob,21162
