region,gender,name,births,nat_b,reg_b,all_b,lq
Mid_Atlantic,F,Gianna,13483,34204,6410320,45856778,2.82
Mid_Atlantic,F,Colleen,10151,35272,6410320,45856778,2.06
Mid_Atlantic,F,Jaclyn,10163,37464,6410320,45856778,1.94
Mid_Atlantic,F,Gina,11646,43657,6410320,45856778,1.91
Mid_Atlantic,M,Louis,10875,41181,7332347,52874085,1.9
Midwest,M,Mitchell,31990,83086,12118312,52874085,1.68
Midwest,F,Abby,16405,42435,10557818,45856778,1.68
Midwest,M,Carter,24098,62856,12118312,52874085,1.67
Midwest,M,Drew,19621,51218,12118312,52874085,1.67
Midwest,M,Brady,21686,57340,12118312,52874085,1.65
Mountain,F,Kylee,4644,31841,2834928,45856778,2.36
Mountain,M,Kaden,5340,37164,3447289,52874085,2.2
Mountain,M,Tanner,10391,74263,3447289,52874085,2.15
Mountain,M,Marcos,3963,31229,3447289,52874085,1.95
Mountain,M,Chance,3986,31598,3447289,52874085,1.93
New_England,M,Brendan,9382,68428,2305938,52874085,3.14
New_England,F,Meghan,10446,81477,1963275,45856778,2.99
New_England,F,Colleen,4372,35272,1963275,45856778,2.9
New_England,F,Jillian,8345,67610,1963275,45856778,2.88
New_England,M,Liam,6679,57486,2305938,52874085,2.66
Pacific,F,Alejandra,18250,39200,8260496,45856778,2.58
Pacific,F,Yesenia,14463,31359,8260496,45856778,2.56
Pacific,M,Gerardo,14681,33246,9280220,52874085,2.52
Pacific,M,Cesar,21762,49726,9280220,52874085,2.49
Pacific,M,Eduardo,29838,69206,9280220,52874085,2.46
South,M,Bobby,24819,38275,18389979,52874085,1.86
South,M,Billy,22851,36357,18389979,52874085,1.81
South,M,Willie,18997,30795,18389979,52874085,1.77
South,M,Joe,20985,35662,18389979,52874085,1.69
South,F,Latoya,18319,32760,15829941,45856778,1.62
