year,ends_in_n_F,ends_in_n_M,den_family_M,avg_len
1980,9.51,24.47,0.01,6.05
1981,9.7,24.87,0.01,6.07
1982,9.97,24.88,0.01,6.11
1983,10.22,25.12,0.01,6.13
1984,10.41,24.94,0.01,6.14
1985,10.74,24.93,0.02,6.16
1986,10.75,24.85,0.02,6.17
1987,10.56,24.83,0.02,6.17
1988,11.19,24.98,0.02,6.19
1989,11.54,25.05,0.03,6.2
1990,11.61,25.39,0.06,6.19
1991,11.36,26.01,0.08,6.18
1992,11.73,26.83,0.11,6.18
1993,12.14,27.01,0.13,6.17
1994,12.51,27.73,0.2,6.16
1995,12.68,28.32,0.24,6.15
1996,12.83,28.84,0.29,6.14
1997,13.21,29.15,0.33,6.12
1998,13.66,29.65,0.43,6.1
1999,13.58,30.27,0.67,6.08
2000,13.84,31.13,0.89,6.07
2001,13.81,31.59,1.19,6.04
2002,13.69,32.37,1.7,6.02
2003,13.38,33.55,2.35,5.98
2004,13.4,34.02,2.72,5.97
2005,13.15,34.38,3.2,5.96
2006,13.41,35.12,3.55,5.96
2007,13.89,35.81,4.21,5.95
2008,14.28,36.13,4.7,5.94
2009,14.31,36.24,4.76,5.93
