genre,north_america,europe_africa,japan,other
Sports,18.2,17.8,15.9,19.7
Action,17.6,17.9,11.7,17.3
Shooter,15.8,16.9,4.9,16.7
Misc,8.8,7.7,8.2,9.0
Racing,8.1,9.3,2.9,8.7
Role-Playing,5.1,4.7,19.0,5.2
Platform,5.6,5.2,4.5,4.7
Fighting,5.2,4.2,8.5,4.4
Adventure,4.7,4.8,6.7,4.6
Simulation,4.6,4.5,5.2,3.7
Action-Adventure,1.9,3.1,0.8,2.8
Puzzle,1.9,1.3,4.3,1.1
Strategy,1.4,1.4,5.3,1.1
Music,0.8,0.8,0.8,0.8
MMO,0.1,0.2,0.2,0.2
Party,0.1,0.1,0.2,0.1
Visual Novel,0.0,0.0,0.7,0.0
Sandbox,0.0,0.0,0.1,0.0
Education,0.0,0.0,0.0,0.0
Board Game,0.0,0.0,0.0,0.0
