genre,count,sum,avg,share
Sports,2597,1187.51,0.46,17.98
Action,2839,1125.89,0.4,17.04
Shooter,1485,995.5,0.67,15.07
Misc,2004,557.79,0.28,8.44
Racing,1431,525.75,0.37,7.96
Role-Playing,1491,426.8,0.29,6.46
Platform,951,349.15,0.37,5.29
Fighting,871,341.13,0.39,5.16
Adventure,1893,325.39,0.17,4.93
Simulation,1121,300.65,0.27,4.55
Action-Adventure,264,148.52,0.56,2.25
Puzzle,723,127.28,0.18,1.93
Strategy,820,118.31,0.14,1.79
Music,147,51.75,0.35,0.78
MMO,30,9.31,0.31,0.14
Party,29,6.21,0.21,0.09
Visual Novel,218,5.78,0.03,0.09
Sandbox,1,1.89,1.89,0.03
Education,4,0.97,0.24,0.01
Board Game,3,0.33,0.11,0.0
