year,count,sum
1977.0,3,2.5
1978.0,7,2.4
1979.0,1,0.3
1980.0,5,2.3
1981.0,6,7.7
1982.0,44,29.0
1983.0,37,22.7
1984.0,10,4.8
1985.0,4,2.2
1986.0,11,10.4
1987.0,7,5.6
1988.0,11,8.7
1989.0,7,9.1
1990.0,7,9.1
1991.0,20,6.0
1992.0,23,9.4
1993.0,45,20.2
1994.0,97,36.8
1995.0,175,53.0
1996.0,270,101.4
1997.0,238,105.9
1998.0,304,132.2
1999.0,335,169.6
2000.0,397,171.1
2001.0,508,226.8
2002.0,850,314.5
2003.0,820,300.9
2004.0,782,284.7
2005.0,979,313.5
2006.0,1047,244.4
2007.0,1268,436.4
2008.0,1626,538.1
2009.0,1753,495.4
2010.0,1381,454.0
2011.0,1252,440.3
2012.0,694,285.5
2013.0,514,266.0
2014.0,630,292.1
2015.0,640,230.4
2016.0,612,208.0
2017.0,689,192.0
2018.0,660,148.0
2019.0,35,2.6
2020.0,28,3.4
