product_name,category,rev_share_2022_pct,rev_share_2023_pct,product_margin_pct,contribution_pp
Colorbuds,Electronics,17.51,6.28,53.37,-2.68
Magic Sand,Art & Crafts,0.07,12.48,12.51,-2.12
Dino Egg,Toys,2.23,4.28,9.1,-0.42
Action Figure,Toys,8.87,4.81,37.52,-0.32
Deck Of Cards,Games,4.6,3.66,42.92,-0.13
Nerf Gun,Sports & Outdoors,2.47,4.89,25.01,-0.11
Jenga,Games,0.98,0.72,70.07,-0.1
Mini Basketball Hoop,Sports & Outdoors,0.6,0.33,64.03,-0.09
Foam Disk Launcher,Sports & Outdoors,0.0,1.31,25.02,-0.06
Glass Marbles,Games,3.0,2.63,45.5,-0.06
Rubik's Cube,Games,5.9,6.04,10.01,-0.03
Gamer Headphones,Electronics,0.89,3.49,28.59,-0.03
Kids Makeup Kit,Art & Crafts,4.83,2.42,30.02,-0.01
Chutes & Ladders,Games,0.25,0.35,23.09,-0.01
Hot Wheels 5-Pack,Toys,0.98,0.91,33.39,-0.0
Monopoly,Games,0.38,0.47,30.02,0.0
Teddy Bear,Toys,0.59,0.56,15.4,0.0
Mini Ping Pong Set,Sports & Outdoors,1.56,2.68,30.03,0.01
Classic Dominoes,Games,0.36,0.28,20.02,0.01
Uno Card Game,Games,0.11,0.17,50.06,0.01
Plush Pony,Toys,0.66,0.73,55.03,0.02
PlayDoh Can,Art & Crafts,1.84,2.36,33.44,0.02
Dinosaur Figures,Toys,3.56,2.59,26.68,0.03
PlayDoh Playset,Art & Crafts,1.25,0.96,16.01,0.04
Supersoaker Water Gun,Sports & Outdoors,0.99,0.56,20.01,0.04
Animal Figures,Toys,4.05,3.14,23.09,0.06
PlayDoh Toolkit,Art & Crafts,1.23,0.55,20.04,0.06
Toy Robot,Electronics,2.61,1.81,19.24,0.08
Dart Gun,Sports & Outdoors,4.85,2.35,25.02,0.11
Mr. Potatohead,Toys,0.02,0.92,50.05,0.18
Playfoam,Art & Crafts,0.0,0.66,63.69,0.22
Lego Bricks,Toys,17.01,15.19,12.5,0.31
Splash Balls,Sports & Outdoors,5.35,3.0,11.12,0.43
Etch A Sketch,Art & Crafts,0.0,2.9,47.64,0.53
Barrel O' Slime,Art & Crafts,0.4,3.51,50.13,0.64
