year_month,revenue,profit,margin_pct
2022-01,542555.0,167126.0,30.8
2022-02,541352.0,161861.0,29.9
2022-03,589485.0,173992.0,29.5
2022-04,681073.0,190099.0,27.9
2022-05,672370.0,186894.0,27.8
2022-06,661980.0,189815.0,28.7
2022-07,556034.0,176922.0,31.8
2022-08,489423.0,158931.0,32.5
2022-09,585844.0,166397.0,28.4
2022-10,623874.0,178799.0,28.7
2022-11,661304.0,192873.0,29.2
2022-12,877204.0,246078.0,28.1
2023-01,747196.0,205074.0,27.4
2023-02,722632.0,189314.0,26.2
2023-03,883516.0,231909.0,26.2
2023-04,827691.0,215096.0,26.0
2023-05,825319.0,210347.0,25.5
2023-06,808299.0,207212.0,25.6
2023-07,828349.0,209807.0,25.3
2023-08,660877.0,175038.0,26.5
2023-09,658194.0,180445.0,27.4
