product_name,category,profit_2022,profit_2023,units_2022,units_2023,profit_change
Colorbuds,Electronics,497096.0,233248.0,62137.0,29156.0,-263848.0
Action Figure,Toys,176976.0,125538.0,29496.0,20923.0,-51438.0
Kids Makeup Kit,Art & Crafts,77142.0,50622.0,12857.0,8437.0,-26520.0
Dart Gun,Sports & Outdoors,64508.0,40992.0,16127.0,10248.0,-23516.0
Splash Balls,Sports & Outdoors,31647.0,23208.0,31647.0,23208.0,-8439.0
Mini Basketball Hoop,Sports & Outdoors,20352.0,14560.0,1272.0,910.0,-5792.0
PlayDoh Toolkit,Art & Crafts,13070.0,7662.0,13070.0,7662.0,-5408.0
Supersoaker Water Gun,Sports & Outdoors,10581.0,7839.0,3527.0,2613.0,-2742.0
Toy Robot,Electronics,26730.0,24230.0,5346.0,4846.0,-2500.0
Dinosaur Figures,Toys,50484.0,48112.0,12621.0,12028.0,-2372.0
Jenga,Games,36624.0,35315.0,5232.0,5045.0,-1309.0
Classic Dominoes,Games,3876.0,3902.0,1938.0,1951.0,26.0
PlayDoh Playset,Art & Crafts,10604.0,10664.0,2651.0,2666.0,60.0
Animal Figures,Toys,49809.0,50427.0,16603.0,16809.0,618.0
Teddy Bear,Toys,4840.0,6030.0,2420.0,3015.0,1190.0
Chutes & Ladders,Games,3102.0,5691.0,1034.0,1897.0,2589.0
Uno Card Game,Games,2968.0,6080.0,742.0,1520.0,3112.0
Monopoly,Games,6138.0,9846.0,1023.0,1641.0,3708.0
Hot Wheels 5-Pack,Toys,17326.0,21164.0,8663.0,10582.0,3838.0
Deck Of Cards,Games,105111.0,109452.0,35037.0,36484.0,4341.0
Plush Pony,Toys,19349.0,27841.0,1759.0,2531.0,8492.0
Rubik's Cube,Games,31428.0,42096.0,15714.0,21048.0,10668.0
Glass Marbles,Games,72560.0,83230.0,14512.0,16646.0,10670.0
Dino Egg,Toys,10793.0,27111.0,10793.0,27111.0,16318.0
Lego Bricks,Toys,113155.0,132230.0,22631.0,26446.0,19075.0
PlayDoh Can,Art & Crafts,32746.0,54943.0,32746.0,54943.0,22197.0
Foam Disk Launcher,Sports & Outdoors,0.0,22860.0,0.0,7620.0,22860.0
Playfoam,Art & Crafts,0.0,29106.0,0.0,4158.0,29106.0
Mini Ping Pong Set,Sports & Outdoors,24990.0,56133.0,8330.0,18711.0,31143.0
Mr. Potatohead,Toys,575.0,32050.0,115.0,6410.0,31475.0
Nerf Gun,Sports & Outdoors,32895.0,85100.0,6579.0,17020.0,52205.0
Gamer Headphones,Electronics,13464.0,69552.0,2244.0,11592.0,56088.0
Etch A Sketch,Art & Crafts,0.0,96270.0,0.0,9627.0,96270.0
Magic Sand,Art & Crafts,436.0,108674.0,218.0,54337.0,108238.0
Barrel O' Slime,Art & Crafts,10662.0,122464.0,5331.0,61232.0,111802.0
