product_name,category,stores_out_of_stock,est_profit_at_risk_per_30d,margin_pct
Playfoam,Art & Crafts,13,2830.0,64.0
Action Figure,Toys,5,1130.0,38.0
Etch A Sketch,Art & Crafts,7,1130.0,48.0
Mini Ping Pong Set,Sports & Outdoors,6,987.0,30.0
Hot Wheels 5-Pack,Toys,12,709.0,33.0
Animal Figures,Toys,3,669.0,23.0
Dino Egg,Toys,6,464.0,9.0
Plush Pony,Toys,3,455.0,55.0
Gamer Headphones,Electronics,2,392.0,29.0
Foam Disk Launcher,Sports & Outdoors,6,349.0,25.0
Toy Robot,Electronics,2,140.0,19.0
Chutes & Ladders,Games,2,88.0,23.0
Barrel O' Slime,Art & Crafts,1,82.0,50.0
Glass Marbles,Games,1,73.0,45.0
Mr. Potatohead,Toys,1,62.0,50.0
Teddy Bear,Toys,3,37.0,15.0
Supersoaker Water Gun,Sports & Outdoors,1,34.0,20.0
Jenga,Games,1,19.0,70.0
Splash Balls,Sports & Outdoors,1,19.0,11.0
Classic Dominoes,Games,1,17.0,20.0
