product_type,revenue
Barista Espresso,91406.0
Brewed Chai tea,77082.0
Hot chocolate,72416.0
Gourmet brewed coffee,70035.0
Brewed Black tea,47932.0
Brewed herbal tea,47540.0
Premium brewed coffee,38781.0
Organic brewed coffee,37746.0
Scone,36866.0
Drip coffee,31984.0
Pastry,25656.0
Brewed Green tea,23852.0
Biscotti,19794.0
Premium Beans,14584.0
Organic Beans,8510.0
Housewares,7444.0
Gourmet Beans,6798.0
Clothing,6163.0
Regular syrup,6085.0
Espresso Beans,5560.0
Chai tea,4301.0
House blend Beans,3294.0
Herbal tea,2730.0
Drinking Chocolate,2728.0
Black tea,2712.0
Sugar free syrup,2324.0
Organic Chocolate,1680.0
Green tea,1471.0
Green beans,1340.0
