product,revenue,units
Sustainably Grown Organic Lg,21152.0,4453
Dark chocolate Lg,21006.0,4668
Latte Rg,19112.0,4497
Cappuccino Lg,17642.0,4151
Morning Sunrise Chai Lg,17384.0,4346
Latte,17258.0,4602
Jamaican Coffee River Lg,16481.0,4395
Sustainably Grown Organic Rg,16234.0,4329
Cappuccino,15998.0,4266
Brazilian Lg,15110.0,4317
Ethiopia Lg,14794.0,4227
Dark chocolate Rg,14024.0,4007
Spicy Eye Opener Chai Lg,13652.0,4404
Ethiopia Rg,13179.0,4393
Brazilian Rg,13155.0,4385
Peppermint Lg,13050.0,4350
English Breakfast Lg,12927.0,4309
Earl Grey Lg,12735.0,4245
Serenity Green Tea Lg,12660.0,4220
Columbian Medium Roast Lg,12585.0,4195
